-0.05385648228693753,0.10643385499715804,0.048329557245597246,0.042256354447454215,-0.09478768147528172,-0.032950259069912134,-0.04869463299401104,-0.10146632939577102,0.049385249614715576,-0.11200786381959915,0.15314584225416183,-0.015862720343284308,-0.27654280215501786,0.005764342984184623,-0.018909288360737263,0.1059704713523388,-0.13425520416349174,-0.062074736785143615,-0.16736117750406265,-0.09128475449979305,-0.06343885716050864,0.0411063562030904,0.005603770990273915,-0.06845365837216377,-0.04766526557505131,-0.27598855644464493,-0.05626115598715842,-0.09169474318623543,0.06901042852550746,-0.09378000665456057,0.002500970265828073,0.03868705314816907,-0.22009953409433364,-0.056714190915226934,-0.015857232199050487,0.0802279006689787,-0.04995000753551722,-0.06979622188955545,0.18458252921700477,0.04320331234484911,-0.15413230545818807,0.03487172501627356,0.039879697281867264,0.19253164231777192,0.21555586159229279,-0.07013468388468028,0.004084086138755083,-0.0946465713903308,0.10612643398344516,-0.26356183737516403,0.0443924502003938,0.1189564261585474,0.1391837976872921,0.12109581045806408,0.03529140003956854,-0.14917443059384822,0.06605440620332956,0.10415568565949798,-0.17695281095802784,0.07469570890534669,0.10964366830885411,-0.13943932428956032,-0.05960387112572789,0.037510619999375196,0.105791868083179,0.08903352562338114,-0.03744798209518194,-0.15533904023468495,0.1536651600152254,-0.18982749581336975,-0.035748520563356576,0.06870714761316776,-0.032324587542098014,-0.12881353460252284,-0.30892281979322433,0.0683528977446258,0.3374223425984383,0.1533620275557041,-0.1272674173116684,0.011270720255561173,-0.09193771984428167,-0.1215737696737051,0.016132786124944686,0.07890562685206533,-0.05127136083319783,-0.09461447894573212,-0.07165833113249391,0.08874142561107874,0.19429005607962607,-0.02606075699441135,-0.005867363460129127,0.17447035908699035,-0.020258345641195774,-0.00475345877930522,0.0114431626861915,0.06494538700208068,-0.15516412183642386,-0.06973235793411732,-0.08186676865443587,-0.055682182568125425,0.06446467689238489,-0.17903146483004093,-0.032659782492555675,0.11465600822120905,-0.1839327212423086,0.16081204414367675,-0.0642571847885847,-0.06307143843732774,0.05373707800172269,-0.09174330173991621,-0.003940852172672748,0.05309327794238925,0.19571517780423164,-0.16900682523846627,0.2520409472286701,0.17601706087589264,-0.026921885670162737,0.10172236189246178,0.08304339703172445,0.06540063805878163,-0.019407097669318318,-0.038112483406439426,-0.20963551551103593,-0.14041416421532632,-0.040422028535977005,0.004030419234186411,-0.022124179964885117,0.028409699513576924
-0.1848936661293632,0.0434987314633633,0.0014075366044907194,-0.03551100277783055,-0.08167147891301858,-0.06089203510629503,-0.012150532320926064,-0.11428870456783395,0.15432271596632505,-0.08342328035321675,0.09278115296834394,-0.018234502328069585,-0.17098742370542727,-0.10506478971556614,0.03151531554268379,0.10712031118179623,-0.14226613468245455,-0.10855757876446373,-0.12615213660817398,-0.13829627476240458,0.026626673821163804,0.07436278932972958,0.06450491771101952,-0.02289269289835111,-0.13232216278189107,-0.37480150555309494,-0.08353819011857636,-0.09675449368200804,0.04156786566110034,-0.04647555104211757,0.03943858413319839,0.06807982088311722,-0.2874522789528495,-0.1070817910919064,-0.026710534125174348,0.09354852179163381,-0.054714336930038895,-0.03847183081272401,0.20337272239358803,0.018062021460776265,-0.164352658939989,0.029070254415273666,0.0900762151730688,0.22781822712797867,0.19342476521667681,-0.006374033627492425,-0.023870529606938362,0.00012043123378565437,0.0848812647163868,-0.2422048833809401,0.03840888727848467,0.14175480133608767,0.03241809805561053,0.09092123414340772,0.07293591315024778,-0.07884143155656363,0.03404578929276843,0.07525834774500445,-0.19384910244690745,0.03700419534978114,0.051757190719639,-0.11253560540315352,-0.10834168132982756,-0.0022966584288760237,0.1725769058654183,0.11895147593397844,-0.06161570254909365,-0.11080617104706011,0.1158401146531105,-0.1370321700447484,-0.02233586276538278,0.03737695524959188,-0.09902513772249222,-0.14202111684962324,-0.34343407028599787,0.07640488151656954,0.3141809215671138,0.10627484870584387,-0.11878505506013569,0.040018088380365,-0.08315149028050273,-0.014992167094820425,0.04978593848155517,0.048740882328466364,-0.05448523301043009,-0.0007219853271779261,-0.040715556738800125,0.11417347388832193,0.13734005862160734,0.02132434922417528,-0.0697703353668514,0.22493724368120493,0.02641974492488723,0.01676742869772409,0.014866569054950225,0.10012591669433996,-0.097809034938875,-0.09476780989452412,-0.13216121455556468,-0.02166998337366079,0.18196838074608854,-0.06216092339079631,0.010934176830280768,0.13925407317123914,-0.17398843639775327,0.16914494688573636,-0.007164111360907555,-0.03527550482632298,0.0018197463237141307,-0.03289056430864883,-0.05417020403240856,0.0148371874820441,0.08175657375862724,-0.18188408526935076,0.24832031758208023,0.19012929734430814,-0.08487412333488464,0.16673773135009565,0.059487343912846165,0.010703033032385926,-0.05101807042956352,0.020885368024832325,-0.15155867683260063,-0.12084335441652097,0.038268140370124264,0.07238228403423962,0.04242800705527004,0.07574712190973132
-0.07861162219196557,0.106131149828434,0.10277367057278752,-0.03093344224616885,-0.14409791566431523,0.0019010109594091774,-0.06672379588708281,-0.10669152345508337,0.19144506379961967,-0.08201556745916605,0.1482084821909666,-0.04195457452442497,-0.25581566989421844,0.0742211804492399,-0.021309386426582932,0.16510969325900077,-0.18034173399209977,-0.16678251847624778,-0.13612042143940925,0.024201038293540478,-0.04217195933451876,0.0819348847027868,0.035385908058378844,0.06424318216741084,-0.12944544814527034,-0.39986102283000946,0.008419627323746681,-0.02924299705773592,0.03107959059998393,-0.04635318638756871,-0.00637728781439364,0.05732416794635355,-0.20827611163258553,0.021739041665568948,0.05513074416667223,0.17607938945293428,-0.10970375966280699,-0.09263696204870939,0.17328851148486138,-0.011075044493190944,-0.29686611592769624,-0.05558587552513927,-0.015550806187093258,0.21787656098604202,0.3030237480998039,-0.042058617202565075,0.032000629929825664,-0.12699672058224679,0.13357869759202004,-0.379865899682045,0.043558714585378765,0.14783575125038623,-0.062436214787885545,0.09704650677740574,0.0846100140362978,-0.18845197483897208,-0.03372430955059826,0.1928816806524992,-0.1404038555920124,0.008262499119155109,0.0926424831384793,-0.07418891992419958,0.01411841083317995,-0.08220121078193188,0.18907160982489585,0.09964644219726324,-0.12314413413405419,-0.1979021891951561,0.14539570100605487,-0.22486630231142044,-0.026716132240835577,0.11356583163142205,-0.03956354623660445,-0.1805471323430538,-0.31629369258880613,-0.011544582014903427,0.41534094959497453,0.11470683384686708,-0.16523000225424767,-0.006732997926883399,-0.06047160821035504,0.007213566917926073,0.058295222488231956,0.05597217304166406,-0.004547411715611816,-0.028500914573669434,-0.15386236123740674,-0.0012456313241273164,0.26353575512766836,-0.017299506440758707,0.02028562577906996,0.2557367064058781,-0.017358862981200218,-0.023746809642761945,0.06324010454118252,0.1288376770913601,-0.14456846937537193,0.0079308703658171,-0.19103834331035613,-0.03886194149963558,0.009197608241811395,-0.009075959539040923,0.01437560524791479,0.13500354886054994,-0.13518528901040555,0.22060298919677734,-0.05353822964825668,0.03464240008033812,0.06908564101904631,-0.04637251360109076,-0.09233921449631452,-0.07590329971862957,0.21630570515990258,-0.2502795398235321,0.1692295264452696,0.11326031312346459,0.025870650075376034,0.15169156901538372,0.037825853168033066,0.09286872074007987,-0.04463402964174747,0.008033011201769113,-0.17382411025464534,-0.04009391621220857,-0.009821033384650946,-0.004477075906470418,-0.030425568111240864,0.04297293878626078
-0.13587499429520808,0.02178542222827673,0.024642072029803928,0.006099472214516841,-0.14106407604719462,-0.015595866293695412,0.031332261664302724,-0.07414975350624636,0.056752573796793035,-0.009751571317840563,0.17962896588601565,-0.1336183100938797,-0.31894439772555705,-0.05925626136166485,-0.002673830150773651,0.11480107295670007,-0.129853676416372,-0.04734830916123955,-0.17395406177169398,-0.10177909171110705,-0.045771754444821885,0.025335378564992232,0.03162019192486217,0.00464440967985674,-0.13258856378103556,-0.29837368036571305,-0.017069830044515823,-0.07890256406053116,0.018262237114341634,-0.08807184204067055,0.02388696901892361,0.12678570672869682,-0.19394171473227048,-0.11072523519396782,0.03971485073040975,0.09784471008338426,-0.06445186447940375,-0.015410792621734896,0.23761548964600815,-0.03958008406487735,-0.14176930369515167,-0.01897074816454398,0.10295048199201885,0.2511020883133537,0.1676328801795056,0.04612668637970561,-0.033941024424214115,0.023467050669224637,0.15174084627314618,-0.31123560510183634,0.02222057657414361,0.1284976699634602,0.17326458739606956,0.05568573947407698,0.10081808857227627,-0.13207867349448957,-0.0013839920590582647,0.20032687249936557,-0.15308184019829096,0.11865319135157686,0.02694298400494613,-0.1390182187682704,-0.03176406413120659,-0.10233296042210177,0.18208084373097672,0.029568863150320555,-0.1136669751844908,-0.06372263463900278,0.13524372954117625,-0.10841237204639535,-0.04350175941362977,0.09485920675491032,-0.059802391027149404,-0.18294865441949745,-0.3137910789565036,0.04899430137715841,0.31802977699982493,0.12310392919339631,-0.24042841243116478,-0.06337412770249341,-0.01506584225908706,-0.053505032372317816,0.035606379093798365,0.04575244337320328,-0.04037175450081888,-0.07743071607853237,-0.09916633445965617,-0.03288515049375986,0.1963934639566823,-0.050604500464702905,-0.024546335488067644,0.22461193564691043,0.021628529813728835,-0.004303774428798964,-0.0033852878075681233,0.009924506168126276,-0.13089407705946973,-0.07299878409034327,-0.11096402551782758,-0.01549224352071944,0.11279990445626409,-0.1570964263458001,-0.0019273170221008752,0.061747524789289424,-0.1616207204366985,0.17295879909866735,-0.043977376220649796,-0.002403056249022484,-0.010575392283499241,-0.06830868291619577,-0.06563174964762047,0.05745769483282378,0.20243920621119046,-0.26969711168816213,0.22072049426405052,0.17604640596791318,-0.06726638742379452,0.12962147475857483,0.0497790804426921,0.03182061016559601,-0.001092286657934126,0.060450973234286436,-0.11501544125770267,-0.19823565216440903,0.08066114332330854,-0.05936217896248165,0.04178162223022235,0.034291926697876896
-0.14443721622228622,0.07988995117576499,0.02771792560815811,-0.05854252348408887,-0.1321595440569677,0.008436275964700863,-0.08294888183866676,-0.0863891875273303,0.11487652949596706,-0.041800191773003655,0.14378732638923744,0.009269075811301408,-0.2536517538522419,0.018465979527191895,0.010736654193973854,0.07721009644630708,-0.11990398815587948,-0.1035053424145046,-0.10199640005042679,-0.1204900659228626,-0.019329231649049018,0.04363476842225186,0.027487391581464755,0.005132727741606925,-0.14687932361113398,-0.258752745233084,-0.06129620934983617,-0.08874853072982085,0.0015482157958965552,-0.10780865757873184,-0.019015263398423007,0.025320054620112244,-0.20636183729297236,-0.0890757668959467,0.015423645118349478,0.08994008267396375,-0.04112636033249529,-0.045343611928585326,0.22468093743449763,0.011026767695224598,-0.13637767026298925,0.021405607559963277,0.0852593369781971,0.24580422671217667,0.20154441344110588,0.026277881293361515,-0.008166774911315818,-0.04974871060173763,0.14208049366348668,-0.2777472616810548,0.13665806462890223,0.12884645673789477,0.13593190124160365,0.07499760938318152,0.03636254179046342,-0.17094951711202921,0.0025070282189469588,0.12177411741332005,-0.1441357186750362,0.0842109245101088,0.10942207825811286,-0.06927322733559106,-0.07647896763917647,-0.06602084273962598,0.26067006117419195,0.14534308996639753,-0.11981230856556642,-0.1084385920119913,0.1547180582818232,-0.060998348813307915,-0.0814706968682769,0.04467119688266202,-0.11276109006844069,-0.13209045756804316,-0.2712179500805704,0.09760162410767455,0.3469565102928563,0.08873718369163965,-0.19745879071323494,-0.0010273425202620657,-0.12698129760591606,-0.024139445177034327,-0.022873217895578005,0.016408793750758235,-0.09474598881053298,-0.03868461978670798,-0.04177328169737991,0.05234774496210249,0.23000064100089826,0.0068885147277461855,-0.04940469896322802,0.2000694149418881,0.05451966699604925,0.03934686702038897,0.06429205060397324,0.11199379673129634,-0.11232947734625716,-0.08746333890839626,-0.16359840882451912,-0.01764969919857226,0.0920350710420232,-0.11476343517240725,0.0032279817632546552,0.15062030326378972,-0.21434343253311358,0.2061272385089021,-0.0008120406541581216,-0.027055589482188225,0.008415339048951864,-0.011644483525551072,-0.07939655343560796,-0.00109848521625329,0.17937829541532616,-0.24509524201091967,0.22607668214722684,0.12945475076374255,0.031040249294356295,0.14272525475213402,0.08025175705552101,0.060227886038391215,0.0036225362043631705,0.04019703392527605,-0.17015471701559268,-0.1238869850180651,0.06558724865317345,0.0018536441861406754,0.04725969190660276,0.13153025468713359
-0.21653243402640024,0.11646314909060797,0.12801049003998438,-0.02527532996609807,-0.09137440174818039,-0.12871124148368834,0.08427858054637909,-0.1108358437816302,0.081825935592254,-0.05002897245188554,0.27038920323053994,-0.02061320043479403,-0.15735127578179042,-0.08351399128635724,0.02538613947108388,0.11245361218849818,-0.15149334172407786,-0.13041957467794418,-0.08664222757021586,-0.15292159815629322,-0.013167733512818813,-0.014318384237897892,0.004429606938113769,0.05004491768777371,-0.02225433470060428,-0.2360772947470347,-0.11243329346179962,-0.1292526255051295,0.09557750324408214,-0.0480420816068848,0.0740239163239797,0.01349145801893125,-0.2137454519669215,-0.07610950494805972,-0.05878099650144577,-0.023030768583218255,0.0461597270021836,-0.05208721160888672,0.15177054504553478,0.004010830633342266,-0.10120607515176137,-0.04500325247645378,0.002896353167792161,0.26179943382740023,0.1696947157382965,-0.014627866260707379,0.01537761501967907,0.019908358405033747,0.04975814186036587,-0.18315018713474274,-8.042479554812113e-05,0.08150307461619377,0.1726232717434565,-0.0028087686747312545,-0.030317600009342034,-0.10433454290032387,-7.915912816921869e-05,0.02727688414355119,-0.17951905727386475,0.06635950182874997,0.10297353292504946,-0.1287440707286199,-0.10462936758995056,-0.05726452320814133,0.2430405577023824,0.1415133168299993,-0.05976947595675786,-0.15345093508561453,0.2305999388297399,-0.12551746914784115,-0.047728526716430984,0.07788302972912789,-0.12442423601945242,-0.059474821637074154,-0.19859877626101177,0.09337077066302299,0.34618552923202517,0.08984557588895162,-0.13315371026595432,-0.031547543189177914,-0.23785098294417065,0.06824531977375349,-0.059606991211573285,-0.009183176211081445,-0.10664151509602865,-0.009208193607628345,-0.13925874729951224,0.00432189553976059,0.15120226343472798,-0.022454371986289818,-0.053936492775877316,0.2150395820538203,-0.008475619368255138,-0.025282196948925653,0.013605455278108518,-0.04055748799194892,-0.02603191267699003,-0.02865451170752446,-0.05578701396783193,-0.03720796139289936,0.0446115272740523,-0.12276423573493958,0.011671643611043692,0.09439267963171005,-0.19145858983198802,0.09359786038597424,-0.04466142728924751,0.034004394461711246,-0.035477323147157826,0.023005134612321853,-0.0578704658895731,-0.02974270439396302,0.14324001520872115,-0.1498065451780955,0.19480028251806894,0.17950433095296223,-0.012571724271401763,0.0940389816959699,0.03603423486153285,0.08351166148980459,-0.06140227938691775,-0.05021200788517793,-0.08910532196362814,-0.060139961540699005,0.05093423674503962,-0.05345150704185168,0.02783364641169707,0.06937548443675041
-0.1374741019681096,0.14082505814731122,0.031034864718094468,-0.1334406267851591,-0.13875146731734275,-0.02441099628340453,-0.043070586305111645,-0.034525086544454096,0.1732306271791458,-0.06830084365792573,0.21670903712511064,0.07124544586986303,-0.24562705531716347,-0.04011677228845656,-0.10318924151360989,0.09600052628666163,-0.16681000925600528,-0.11489316597580909,-0.09755135476589202,-0.13602282255887985,0.06778506026603281,0.0809378968551755,0.0022479027160443366,0.017630029888823628,-0.07106019593775273,-0.2807938203215599,-0.08702692817896604,-0.08091160543262958,0.13374191373586655,-0.1258754089474678,0.021019333926960825,0.02184097991557792,-0.15981368497014045,-0.0729391660541296,0.006767488736659289,0.02406493271701038,-0.048705045506358145,-0.08851767964661121,0.21288705468177796,0.01725326965097338,-0.06314064208418131,0.07122518327087164,0.06811486240476369,0.28500411808490755,0.13484481610357762,0.037327068124432115,0.06295660203322768,-0.08191826893016696,0.1543689824640751,-0.23259079158306123,0.08769981553778053,0.15445980690419675,0.12610559463500975,0.05768719292245805,0.14173046126961708,-0.23022225499153137,0.019051126018166543,0.1554272286593914,-0.17581991404294967,0.19229800552129744,0.007470541237853468,-0.0708945314399898,-0.0741617756895721,-0.07656898857676424,0.1565977107733488,0.08517260551452636,-0.08378380425274372,-0.18206964954733848,0.240587068349123,-0.11345330961048603,-0.0629833989776671,0.07471410040743649,-0.09595648152753711,-0.12273449264466763,-0.18803432658314706,0.06880354480817914,0.34303594529628756,0.19027384519577026,-0.15406039245426656,0.06006238656118512,-0.07431834461167455,-0.054343280754983424,-0.00037966122617945076,0.01402456637006253,-0.1489018663764,-0.06918474584817887,-0.13724968396127224,0.027488038456067444,0.18691262900829314,0.034932091692462565,-0.0499890211969614,0.26081884652376175,0.06745503973215819,0.06235227724537253,0.02875415866728872,0.02433985553216189,-0.1748007047921419,-0.030954095325432716,-0.11380284875631333,-0.01559443394653499,0.0691993111744523,-0.1771016389131546,-0.04638288291171193,0.09624576587229967,-0.12841195072978734,0.11711231879889965,-0.032559096661861985,0.016776195634156464,-0.09067342001944781,0.032332593947649,-0.1111173190176487,0.028264493634924292,0.16095717512071134,-0.2132221557199955,0.2925554245710373,0.19332722648978234,0.08344200029969215,0.14715159982442855,0.13950469605624677,0.012289796536788345,0.06498510311357678,-0.06594695458188653,-0.13022495470941067,-0.1388388954102993,0.005813640309497714,-0.06783095058053731,0.020430730655789375,0.10000497624278068
-0.0812438300345093,0.09689875934273004,0.059169810148887336,-0.0331401378614828,-0.01586091474746354,-0.0006593125406652689,-0.012730689928866923,-0.1140048822388053,0.19967727586627007,-0.12244599480181932,0.21614787653088569,0.07890729131177068,-0.22266274318099022,-0.029179588239639998,-0.0015319033060222863,0.09187876470386983,-0.13507621549069881,-0.10980722866952419,-0.07753255842253566,-0.06869693361222744,0.034756282286252826,-0.004979142948286608,0.03890292588621378,0.01771937175653875,-0.12569150365889073,-0.23285127207636833,-0.13611141704022883,-0.09911533482372761,0.029458965314552187,-0.11793564856052399,-0.04110758453607559,-0.014029979449696839,-0.1838658258318901,-0.05127921560779214,-0.025197532400488852,0.017839157488197088,-0.0003584149875678122,-0.059668418997898695,0.19912005737423896,0.02968501830473542,-0.12327756360173225,0.00636441137176007,-0.011568355653434993,0.20968878865242005,0.15327064730226994,-0.019190240139141678,0.02747352789156139,-0.06749621657654643,0.11199594698846341,-0.213268256932497,0.10370994936674834,0.08850254993885756,0.17667212150990963,0.0837478351779282,0.007049273047596216,-0.17776295430958272,-0.027145666582509876,0.12533746287226677,-0.14907133504748343,0.1445726990699768,0.06244640767108649,-0.11606269143521786,-0.06894086911343038,0.013628683285787702,0.21441776379942895,0.17010129280388356,-0.14606284983456136,-0.13882654793560506,0.20305022597312927,-0.08575997855514288,-0.02480053643230349,0.057445765426382425,-0.12725384905934334,-0.15586180984973907,-0.22308278381824492,0.07962551289238036,0.38683628737926484,0.09539836496114731,-0.20941584333777427,-0.04281697594560683,-0.1917494848370552,0.009507673047482967,-0.029336435016011818,0.07577613387256861,-0.08189819511026145,-0.01133238421753049,-0.07858476191759109,0.03755341926589608,0.20895906984806062,0.014655421581119299,-0.09235416349256412,0.22101184278726577,-0.005569874914363027,0.06355130751617252,0.026670891465619205,0.07273833397775889,-0.07487875502556562,-0.07267184872180224,-0.10887051597237588,-0.014977404498495162,-0.001288900850340724,-0.11883794646710158,-0.048702136147767305,0.1437625505030155,-0.1507009070366621,0.1657320313155651,0.004989990557078272,-0.015609933575615288,0.006586968502961099,0.0584136213758029,-0.09739417559467256,-0.04784748274832964,0.14115063548088075,-0.2409816138446331,0.2237488988786936,0.15975721180438995,0.040262410684954376,0.12865391038358212,0.025885792705230413,0.11201669694855809,0.016326420451514424,-0.022107162280008197,-0.15105633251369,-0.08173082079738378,0.03636580398306251,-0.005832853238098323,0.046219482691958545,0.050538410316221416
-0.08971637095091864,0.16492285616695881,0.09456204008311034,-0.01797083568526432,-0.1504743978381157,-0.019254741095937788,-0.103478330001235,-0.04592330968007445,0.09250222556293011,-0.0009905005688779056,0.23361991718411446,-0.048164859507232906,-0.2510822243988514,-0.09073523497208953,-0.06376975970342755,0.10090855676680803,-0.16465601213276387,-0.12114596627652645,-0.07118013398721815,-0.04053602037020028,0.06431907016085461,0.0714650155045092,0.028690688824281097,0.033920831489376725,-0.09868138637393713,-0.39831929951906203,-0.04798832661472261,-0.06153203663416207,0.1089819423854351,-0.1622915405780077,-0.02482572051230818,0.01533000247727614,-0.22503968104720115,-0.08463901299983263,-0.0005794550525024533,0.05346306767314672,-0.033267758507281545,-0.06242431662976742,0.17307827137410642,0.0351485833292827,-0.1740694422274828,0.05118505284190178,0.02527848375029862,0.2554387465119362,0.1649325557053089,0.0433129949728027,0.0377500404138118,-0.07531423633918166,0.06039899997413158,-0.26091510355472564,0.05109060350805521,0.22768607512116432,0.1099019605666399,0.061646382138133046,0.04672467247582972,-0.13764695636928082,0.007578834891319275,0.15978642031550408,-0.23164785653352737,0.10748788490891456,0.058170413761399684,-0.06360851735807956,0.004143994068726897,-0.026184659337741324,0.15808383636176587,0.06414213646203279,-0.07957952851429581,-0.15710393339395523,0.08691050647757947,-0.1588122770190239,-0.039148725615814325,0.13299235925078393,-0.02659862714353949,-0.17514317482709885,-0.27328366637229917,0.05380773027427495,0.3585387751460075,0.13469431065022947,-0.21393116787075997,-2.1808966994285584e-05,-0.1140453763306141,-0.0732151691801846,0.035760242713149634,0.0021161279233638196,-0.09357664100825787,-0.02260118997655809,-0.16464608870446681,0.04233534540981054,0.18826598376035691,0.01618645996786654,0.012373200780712069,0.2698201574385166,0.057508522737771274,0.042320764344185594,0.05410602819174528,0.09742830628529191,-0.13504335172474385,-0.021604760945774616,-0.081112572690472,-0.015427327691577375,0.03024452500976622,-0.11070801764726639,-0.04282514015212655,0.04940854515880346,-0.16941517367959022,0.14488730505108832,-0.006767754687462002,-0.04873333582654595,-0.04344334041234106,-0.06305845901370048,-0.0744499693159014,-0.011231372610200196,0.18056437596678734,-0.2914175972342491,0.2324151463806629,0.19668874889612198,0.0561587592586875,0.15694483034312726,0.09479028936475516,0.0085382629185915,-0.014394460804760456,-0.12844568565487863,-0.07606601440347731,-0.11117800064384938,0.022077042935416104,-0.08470515217632055,0.03079413017258048,0.013622725394088774
-0.07675388404168189,0.02841860824264586,0.018440716178156437,-0.07164323311299085,-0.13717004247009754,0.0329058377770707,-0.04416926694102585,-0.06019090658519417,0.11215539015829563,-0.06033515196759254,0.2137031652033329,0.010221101762726902,-0.21225873604416848,-0.050092281843535605,0.012014625710435212,0.07000316930934787,-0.10895852148532867,-0.15900136455893515,-0.12111570090055465,-0.1552271731197834,-0.11151350010186434,-0.01179770840681158,-0.022699676733464003,0.006843891378957778,-0.1678939715027809,-0.30104373171925547,-0.08018388077616692,-0.09094685409218073,0.09621926918625831,-0.10560945067554713,0.016368311620317398,0.02338998703053221,-0.20717149898409842,-0.06406303467229009,0.06344155576080084,0.07387193562462926,-0.09012861344963312,-0.09549430832266807,0.21935220137238504,0.025862252246588467,-0.12131720148026943,0.056229672953486444,0.07001045299693942,0.24433852285146712,0.15338075384497643,0.03474503419129178,0.04899066677317023,-0.09039660478010773,0.1538424354046583,-0.22724035307765006,0.1086775828152895,0.18200877793133258,0.16436349898576735,0.07363953357562422,0.05517669706605375,-0.14477899558842183,0.01641538948751986,0.18954042941331864,-0.22808966264128686,0.10103604765608906,0.039096245029941204,-0.028330510808154942,-0.07714883666485547,-0.09383447393774987,0.21532112658023833,0.1596143737435341,-0.12167485393583774,-0.1720328688621521,0.2078039787709713,-0.12041999474167824,-0.04705882361158729,0.08303533047437668,-0.09049880066886544,-0.18268928155303002,-0.23703044429421424,0.13028969019651412,0.3559002369642258,0.16922314539551736,-0.13375930711627007,0.012410403368994594,-0.08411650052294135,-0.04790097218938172,-0.031313801498617976,0.04867481163237244,-0.12998021952807903,-0.09053990580141544,-5.493825301527977e-06,0.0430943057872355,0.20243826881051064,0.03371317246928811,-0.0303729725535959,0.1432152848690748,0.01034821392968297,0.026306434301659465,0.006553555489517748,0.05680801817215979,-0.15810985676944256,-0.010777665348723531,-0.07847946155816317,-0.010309491748921573,0.04209066838957369,-0.08047191090881825,0.06536404262296855,0.11121166199445724,-0.17196444645524026,0.19477633014321327,-0.034703524981159715,-0.05667759864591062,0.00821094720158726,0.007448912994004786,-0.020253579365089536,-0.012920334056252614,0.14806194193661212,-0.3378624439239502,0.2603000722825527,0.16619051098823548,0.06240624003112316,0.14472762905061246,0.09888660963624715,0.028006380097940563,0.03832752713933587,-0.017654681531712412,-0.16924046836793422,-0.10724863056093455,-0.005475095775909722,-0.06780405472964049,0.027026052679866554,0.056107106525450944
-0.0801293147727847,0.07904116623103619,0.010943845147266984,-0.01871672123670578,-0.02295715390355326,-0.0336686241440475,-0.07801743801683188,-0.08144785352051258,0.12260835953056812,-0.05757423317991197,0.10797537732869386,-0.03757528504356742,-0.20868789851665498,-0.0888761947862804,-0.03054725646506995,0.10734470766037703,-0.10656772349029779,-0.1272325085476041,-0.18976959362626075,-0.11889319121837616,-0.0840471213683486,0.047673045517876746,0.10442289710044861,-0.02053209563018754,-0.1528270523995161,-0.32503068447113037,-0.07454350860789419,-0.07730623763054609,-0.009847732121124863,-0.10308230686932802,-0.04061229187063873,0.0025048987881746143,-0.25309115648269653,-0.07497598258778453,0.014004910248331726,0.028384997881948947,-0.03471597930183634,-0.051561516243964434,0.18631769940257073,0.04659840515814721,-0.14169733375310897,0.05336671872064471,0.10820244364440441,0.2288811206817627,0.2113001264631748,0.03427312057465315,-0.047787838336080316,-0.07359051797538996,0.09085896164178849,-0.23621053248643875,0.1468406416475773,0.12884034886956214,0.09517914708703756,0.05978753501549363,0.11585627011954784,-0.07114985967054963,-0.0022458538413047792,0.09923967197537423,-0.1277376975864172,0.05596201615408063,0.059772972296923396,0.020046522188931704,-0.08005706407129765,-0.06141909714788198,0.15152072720229626,0.15342657268047333,-0.08017042260617017,-0.13096922375261782,0.08634126782417298,-0.16116931140422822,-0.006069518113508821,0.039981855126097796,-0.030227666115388276,-0.1463670466095209,-0.33613602370023726,0.06091430401429534,0.3110158368945122,0.16935766041278838,-0.1427034843713045,0.003278373787179589,-0.08904420137405396,-0.05647158492356539,0.007048900722293183,-0.015251805272419006,-0.17826734185218812,0.0028449478559195995,-0.03302126449998468,0.06621559243649244,0.19928300455212594,0.049451978877186775,-0.09632487930357456,0.17788429334759712,-0.013264143140986562,0.003672364563681185,0.022685271291993558,0.022203982039354742,-0.133282807841897,-0.06746220332570374,-0.1521984726190567,-0.007810156536288559,0.08197470493614674,-0.07891515363007784,-0.002711220667697489,0.11097014285624027,-0.15075163245201112,0.09924103952944278,0.010195032448973507,-0.07648668140172958,0.037818683823570606,0.09115303382277488,-0.13480903282761575,-0.06331785647198558,0.1112047329545021,-0.2167034238576889,0.19721460789442063,0.1327932696789503,0.04523341900203377,0.09886698387563228,0.1255542442202568,0.06007039193063975,-0.017916735354810955,0.06942277420312166,-0.08205603715032339,-0.11549617517739534,0.04584081566426903,0.030716442735865712,0.10262767970561981,0.0894665502011776
-0.11727854727130187,0.09062068242775767,0.07193074522441939,-0.032017613638584554,-0.14150127729302958,0.015552911931942952,9.08028481430129e-05,-0.05125751777699119,0.06671109702438116,0.03402704073998489,0.17822082183862986,-0.06272562725567504,-0.3006026007627186,-0.02754213217351782,0.014873894054050507,0.03613017788647037,-0.16058672964572906,-0.11254371741884633,-0.05770322901049727,-0.054045412640430425,0.04647193013347293,0.06388550781105694,-0.020525650268322544,0.030602291753319532,-0.17245437400905708,-0.3364629494516473,-0.08284564737818743,-0.06332817310957532,0.02440104476715389,-0.1281837299466133,0.03733837629031194,0.04508901745277016,-0.2234223469307548,-0.08649887507291217,0.025041633873785798,0.06639068828601587,-0.05644103110228714,-0.10165470328770186,0.20222673761217216,-0.01908341797656919,-0.11999336983028211,0.003354256752094156,0.036938323198180446,0.31801809448944895,0.10997828645141501,0.025050379090795393,-0.009636109694838524,0.010279867700056025,0.07582827931956242,-0.27696409429374497,0.0787999214310395,0.2316277380052366,0.08841048533979215,0.08988490485047039,0.04722000952613981,-0.10955106212120307,0.03238990393124128,0.15689353762488617,-0.19207797238701269,0.07012206563529999,0.05890119355171919,-0.08836583440241061,0.058117622705666644,-0.10593579101719354,0.17470082013230576,0.03337047899779128,-0.08173552861339167,-0.09418907153763269,0.057659804771997426,-0.1181047672503873,-0.07874174391556728,0.030235304252097483,-0.11751891398116161,-0.18320496458756297,-0.29684453967370483,0.0985204559799872,0.3119395673274994,0.1565332891125428,-0.2445454589630428,-0.0006409744781098867,-0.09025091079897002,-0.012159297242760658,0.09898623500607516,0.015691322531845225,-0.02010286275885607,-0.018600722284693467,-0.12855003499671033,0.06382706967231475,0.2214024443375437,-0.03130049508457121,-0.0414944448949475,0.2207630731557545,0.056387825182786115,-0.027999252227968292,0.08322697760243165,0.030959456665809022,-0.07777846035988707,-0.04008806991930071,-0.11016129937611129,0.0729026266030575,0.05288854790361304,-0.08228891176220618,-0.028110711614748363,0.13816313249500176,-0.17256222979018562,0.16548766705550647,0.0422455906671913,-0.07177168660257992,-0.05442211693642955,-0.08077600323840191,-0.13465875073483116,-0.03204444084488051,0.1706226907278362,-0.31434249250512375,0.22266263161834918,0.17264028442533394,-0.03776046633720398,0.164609642405259,0.01086294692695925,0.032084050833394655,-0.04143898046918606,-0.015427825678335992,-0.09511597925110866,-0.13588082908015503,0.10338897316863663,0.021561636025772282,0.033851554715319684,0.01590321710529296
-0.10490903165191412,-0.0042278050445020195,0.08099625119939446,-0.06645070761442184,-0.19663603454828263,-0.018272494012489916,0.0013996878638863563,-0.10822967477142811,0.20749908238649367,-0.07231103284284472,0.1362274255603552,-0.04439734045881778,-0.324652262032032,0.03997966172173619,-0.0536629406735301,0.12470581606030465,-0.14090907722711563,-0.13140761852264404,-0.035365961911156776,-0.07813405971974134,0.06106705889105797,0.021825545793399216,0.0456313693895936,0.12240582704544067,-0.17035680897533895,-0.30533588379621507,-0.0814310373738408,-0.026434466196224093,-0.056897919112816456,-0.061558817978948355,0.035534861078485844,0.12990713082253932,-0.22550332099199294,-0.021489004511386155,0.0317679300904274,0.14070882014930247,-0.08602313324809074,-0.19178960770368575,0.11234387792646885,-0.00485690594650805,-0.1822147086262703,-0.13958416916429997,0.020423986995592714,0.21369846612215043,0.17965372651815414,-0.03589373170398176,0.03152718315832317,-0.0829120287206024,0.12531912364065648,-0.3207567647099495,-0.014228813722729683,0.21425640508532523,-0.011907418235205114,0.012685351050458848,0.07662553209811448,-0.1330791972577572,0.04959012111648917,0.19126449823379515,-0.173816205188632,0.03291681228438392,0.07474781353957952,-0.11655567418783903,0.006709249643608928,-0.1512317843735218,0.17034850604832172,0.06861661998555064,-0.14395338706672192,-0.07385424468666316,0.15207913219928743,-0.15348313823342324,-0.007704009860754013,0.0688325745984912,-0.1650553025305271,-0.284258146584034,-0.2559612676501274,0.034540113620460035,0.4603804424405098,0.16551917139440775,-0.07944379560649395,0.0461266768630594,-0.07459858758375049,0.03977984322700649,0.014807933391421103,0.13351805247366427,0.0017845978029072285,-0.003785272827371955,-0.12572744004428388,0.10650201383978128,0.17968801707029342,-0.06880213841795921,0.01701736603863537,0.2813629761338234,-0.01903635892085731,-0.042369614355266094,0.021972993668168784,0.055496796919032934,-0.1189731441438198,0.04337013098411262,-0.1068636056035757,0.04871997756417841,0.011037887772545218,-0.0739498557522893,0.04033114267513156,0.060761981457471845,-0.10316882450133562,0.06822216641157866,-0.022469696076586842,-0.04585145711898804,-0.022405936964787543,-0.1470921617001295,-0.16250595524907113,-0.07084239213727414,0.14512621015310287,-0.29599484577775004,0.11391027681529522,0.13187386766076087,0.011684467934537679,0.2016632854938507,-0.0062406915472820405,0.1281218368560076,0.01411459813825786,-0.0763513089157641,-0.0677799797616899,-0.025052675351616926,0.06490921257063746,-0.016189275402575733,-0.017299397848546505,-0.028025139472447336
-0.07720194831490516,0.061330120591446755,0.05594847090542317,-0.09319483451545238,-0.10032022148370742,-0.07383355554193258,0.023471407522447408,-0.1349394518882036,0.1773074060678482,-0.0894687119871378,0.15202181376516818,-0.052482730243355036,-0.22223045080900192,-0.07996470332145691,-0.02065305123105645,0.11257569119334221,-0.1977422848343849,-0.1454652439802885,-0.02116890954785049,-0.07524415645748377,0.06389535516500473,0.09091316950507462,0.04550487643573433,0.0817682508379221,-0.17739925757050515,-0.24147151857614518,-0.09195568095892667,-0.09460646882653237,0.032732429029420015,-0.03546642051078379,0.009411655622534454,0.16589204147458075,-0.15830153934657573,-0.01283824471756816,0.04069208018481731,0.13357291780412198,-0.063346341624856,-0.0839101079851389,0.2065313160419464,0.044541525770910084,-0.18904589861631393,-0.08719805404543876,0.0039859464392066005,0.28356458246707916,0.255409349501133,-0.06831617692951113,0.01280688252300024,-0.08385475464165211,0.15699315071105957,-0.30848088189959527,-0.001972195692360401,0.18973276466131211,0.02262207926250994,0.06888523157685995,0.077725282125175,-0.11742185093462468,0.036910660285502675,0.17695231214165688,-0.2641516216099262,0.04011976505862549,0.04941571168601513,-0.22132734209299088,0.007122814096510411,-0.0687199225940276,0.1336711525917053,0.07656997805461288,-0.07687372136861086,-0.16215599812567233,0.19019830077886582,-0.21717159822583199,-0.07636274611577391,0.16326382905244827,-0.09083635099232197,-0.1917453482747078,-0.2758435904979706,-0.013273732899688185,0.3307397410273552,0.1779491238296032,-0.08015254810452462,0.07862320449203253,-0.06654801764525473,-0.029407371021807193,0.0929763907333836,0.08984597120434046,0.00020597944967448711,-0.005087932059541345,-0.1376085001975298,0.04146387786604464,0.19381236992776393,-0.09672327684238553,0.004713283339515329,0.2702746942639351,-0.007830144325271248,-0.002451480133458972,0.03915714251343161,0.030697091412730516,-0.08422519098967314,0.05562405278906226,-0.1118506919592619,0.016557732946239412,0.02031200737692416,-0.10037165023386478,0.038065408437978475,0.07612135279923678,-0.14897979907691478,0.1302215378731489,-0.035346707329154015,-0.05431021805852652,-0.08352643167600035,-0.20592037290334703,-0.07240607533603907,0.01928227157332003,0.17469085976481438,-0.30110601484775545,0.16160482987761499,0.14179813116788864,-0.02274812285322696,0.19467644095420839,-0.004151945817284286,0.057589270640164614,-0.04020834234543145,-0.15168705731630325,-0.1090655367821455,-0.027459427306894213,0.07847844045609235,0.010837359935976565,0.014544063014909625,-0.005144767044112086
-0.02846151393605396,0.10060120970010758,0.076113370526582,-0.019995479832869024,-0.06508867570664734,0.08310002656653523,-0.13260378260165454,-0.022900168783962727,0.14154900349676608,-0.07577096931636333,0.18931275233626366,0.0029279513750225306,-0.2388535439968109,-0.1100370367988944,0.06270079072564841,0.10859298445284367,-0.10881325881928205,-0.09454617984592914,-0.15652962028980255,-0.0784051044844091,0.012997115403413773,0.07035831222892738,0.053385103470645845,-0.026110033271834254,-0.18905155286192893,-0.34283413290977477,-0.04908111756667495,-0.10811340734362603,0.0009787247516214847,-0.14305922649800779,-0.024478406086564063,0.0436018668115139,-0.19866440445184708,-0.039138244651257995,0.027796989167109133,0.1304883288219571,-0.08886181972920895,-0.03552698735147715,0.16495746448636056,-0.010077739180997015,-0.15120195969939232,0.062050193268805745,0.010306287743151187,0.19046950116753578,0.24753319844603539,0.024836511956527828,-0.006786429462954402,-0.01359017421491444,0.16567018777132034,-0.28048036321997644,0.1121789013966918,0.1581889197230339,0.13419652134180068,0.10394053412601352,0.15120064914226533,-0.11881591528654098,0.0007878510281443596,0.16803679317235948,-0.16912636160850525,0.06694205030798912,-0.018221117509528994,-0.0946766670793295,-0.08008923754096031,-0.02757771310862154,0.14090292267501353,0.11722111944109201,-0.10165971629321575,-0.18358942046761512,0.11396603379398584,-0.10529186893254519,-0.029110168945044278,0.16259636990725995,-0.11252065449953079,-0.1741672646254301,-0.2728425145149231,0.05999321760609746,0.3530298739671707,0.08467002753168344,-0.2789472289383411,-0.007770391367375851,-0.019636933441506698,-0.04808610156178474,0.01975744594237767,0.024665625183843076,-0.02508588172495365,-0.062134203221648934,-0.08049921374768018,0.0271310914773494,0.21063744649291039,-0.042079108953475955,-0.04591794745065272,0.23458110839128493,0.013259178935550153,0.03213682151399553,0.048346214834600686,0.027312801603693516,-0.06502559622749686,-0.07009171433746815,-0.14506310932338237,-0.05840192090254277,0.07752234907820821,-0.09216034188866615,-0.09670472890138626,0.03189284056425094,-0.13729089125990868,0.1974027320742607,0.007878361002076418,-0.0015547850634902716,0.01571766452398151,-0.031511613458860666,-0.14757444728165864,0.008954654156696051,0.22622014209628105,-0.3113957867026329,0.22231132835149764,0.147643618658185,-0.00629723200108856,0.12150254100561142,0.07398678213357926,0.07867435202933848,0.004838067223317921,-0.012237857608124614,-0.15383864119648932,-0.14749088883399963,0.05018858197145164,0.00895540586207062,-0.006834668572992086,0.014652008353732527
-0.0594309786040532,0.09412429560171931,0.05309225861473303,-0.022134251010261084,-0.2028124904946277,0.001781119058202756,-0.01708489823106088,-0.15260328587732816,0.17142816201636665,-0.09387484683017981,0.18306225577467367,-0.0719473780573983,-0.276363132815612,0.015175897909916546,-0.03441930432362776,0.14918478029338936,-0.10489532586775328,-0.12084931409672688,-0.11643802237353827,-0.055581633491735706,0.0265399648464824,0.038928272349661903,0.024975662046161137,0.041843501703911705,-0.10465751392276663,-0.306481144930187,-0.01593522671119947,-0.09797410804190133,0.006872040660757767,-0.09343335865751694,-0.035231918880814,0.12307869260640521,-0.11474527497040599,-0.030932933680321042,0.044026444519036693,0.038514873993239905,-0.0803113343488229,-0.06486058891995956,0.20822888691174357,-0.053433012731961514,-0.2006378738503707,-0.0007148683806391139,0.035705963443768654,0.18680444673488014,0.2340104705409,-0.028330248339395774,0.056267819661451016,-0.1473462663983044,0.13054845795819633,-0.3073280265456752,0.03661776873234071,0.1262527433665175,0.027398373637544483,0.0690312028715485,0.11575383889047723,-0.18367014276353935,-0.0619593331296193,0.16850684426332774,-0.15673932511555522,0.07793136916466449,0.0785160445069012,-0.09374443588680342,-0.06793340383783768,-0.12493113898917248,0.2356034478074626,0.0990969772009473,-0.12782421355184756,-0.13480383824360997,0.1641777189154374,-0.1443324351781293,-0.08486216711370569,0.10053096103825067,-0.10362196694079198,-0.17211024776885384,-0.23805493351660276,0.018021174167331896,0.4027465974029742,0.12551331500473775,-0.20408551473366587,-0.015849389969126174,-0.0943697014529454,-0.02364789966591879,0.018052044961797565,0.038377722124814204,0.0009582956370554472,-0.11082137023147784,-0.07841135473235657,-0.007337218444598348,0.21707569376418465,-0.06840621493756771,0.007002366951813823,0.27211687674647883,0.01782333395002704,-0.015447258949279785,-0.00831635257131175,0.07631973236014969,-0.12766239948962865,-0.028262147067212744,-0.132891089508408,-0.06467645090857618,0.02253649579851251,-0.07926978700255093,0.0074245577040863665,0.10787607886289295,-0.19163265981172262,0.17768914409373937,-0.07608753793235672,0.0148957161428897,0.002995660038370835,-0.09384321303744066,-0.047276545217946955,0.03807264453069748,0.1966487977065538,-0.276812239697105,0.1921269964230688,0.10381781466697391,0.0648271163043223,0.1421054311488804,-0.0068741121672486,0.041195816703532874,0.014342069772905424,-0.03833809847894468,-0.16713465122800125,-0.0727890357375145,0.0764851726983723,-0.029713554528394814,-0.0367045933380723,0.05208480946327511
-0.04992694182308494,0.04517442282910148,0.021148279619713623,-0.08950673912962277,-0.11441977984375423,-0.08332643112064236,-0.05231919693243173,-0.1415773257613182,0.15437895349330372,-0.11060606357124117,0.21362199717097813,-0.13004708910981813,-0.26386275473568177,-0.04720195470791724,-0.056849949786232576,0.204026337299082,-0.2106434197889434,-0.1803248723347982,-0.016910863160673115,0.03987967802418603,0.0874712315077583,-0.013722557677990861,0.015068827041735252,0.1057486113988691,-0.08146750720010863,-0.32487231327427757,-0.1434973424507512,-0.06621305240939061,-0.01062764392958747,-0.10206681738297145,-0.022490450594988134,0.022577081949243114,-0.17551186349656847,-0.0486606834973726,0.061781657135321036,0.09163908577627605,0.02151389994348089,-0.1583071288963159,0.14667235728767183,-0.016380833436010614,-0.313895749549071,-0.0028503558391498197,0.09003665132655038,0.233551191786925,0.1661718740231461,0.001757484770173,-0.01516425402628051,-0.17802896102269491,0.11317083819044961,-0.13937639196713766,0.016464165463629696,0.14244432292050785,0.05262498034992152,0.033120500286006264,0.003835629257890913,-0.13613544404506683,0.043523773033585816,0.16884555750423008,-0.1920490057932006,-0.00905620844827758,0.1269360509597593,-0.07923425258033806,0.015259144310322072,-0.1321598808798525,0.1864735848373837,0.05310814051578442,-0.14642383034030595,-0.23327641851372188,0.10393649174107446,-0.19611248787906435,-0.09436198799974388,0.08481926740043694,-0.16095829672283596,-0.19486000554429161,-0.3253339048888948,-0.05351235681316919,0.33895738422870636,0.0933188669797447,-0.1655114913980166,0.08465011707610554,-0.02880021831434634,0.0031519493139866325,0.0771772511717346,0.2207899366815885,0.05939869872397847,0.09155205078423023,-0.1275848891172144,-0.013584157555467553,0.21044485519329706,-0.09048281216786967,0.012098195859127574,0.22707314292589822,-0.06433251976139015,0.035549891284770437,0.02579199752977325,0.05266986797667212,-0.11405903556280667,0.04548477428033948,-0.14592872435847917,-0.02294677105318341,-0.015910969736675423,0.00017181165619856783,-0.024832649104711082,0.09617468756106165,-0.1275626135369142,0.07820076474712954,0.007810730221939998,-0.00041216821409761906,-0.030307030874407954,-0.05121372222331249,-0.06011649831715557,-0.09006218208620946,0.13485450545946756,-0.26205870343579185,0.17064856944812667,0.16888043615553114,0.1092649990071853,0.08673003605670399,0.08037286676052544,0.08670017081830236,-0.018488838414972026,-0.05811634152713749,-0.20675239629215664,0.015062705578101385,0.06266169488016102,-0.03328756206772394,0.0836655129161146,-0.027779743877343006
-0.13425015956163405,0.07436523605138064,0.0880808362737298,0.013545243977569043,-0.07260333724552766,-0.11328737363219261,0.05689722606912255,-0.1346048206090927,0.12510550245642663,-0.07433198331855237,0.2386784888803959,-0.029952764161862433,-0.16592879705131053,-0.12209741501137614,0.05098834102973342,0.11574275642633439,-0.11424821596592664,-0.12154913358390332,-0.11379956975579261,-0.12894710078835486,-0.02998686588834971,0.0034234310616739093,0.0564626223873347,0.011251545033883304,-0.040374887129291895,-0.2808098167181015,-0.09871631599962712,-0.15650164820253848,0.09158596694469452,-0.06753541463986039,0.02628348614089191,0.0657658533193171,-0.20634321346879006,-0.11552615575492382,-0.026491087535396217,0.05656688045710325,0.010367500514257699,-0.01673166616819799,0.18222486451268197,-0.021201987564563752,-0.1285160891711712,-0.002099381573498249,-0.006402428261935711,0.24261357709765435,0.22017899230122567,-0.007952402625232936,-0.021709319110959767,-0.04448515744879842,0.07763486579060555,-0.21470182612538338,0.03365542646497488,0.0725409506354481,0.13810096867382526,0.059513719845563175,-0.037338099884800614,-0.09942440837621688,-0.013362790690734982,0.02544151139445603,-0.19477773681282998,0.016946499026380478,0.0664215863449499,-0.13532086797058582,-0.13391899950802327,-0.019666460668668152,0.2596550717949867,0.1198031734675169,-0.08808727897703647,-0.09135331008583307,0.2125490725040436,-0.12069713212549686,-0.020917721092700958,0.057744070794433354,-0.1287084236741066,-0.07514610779471695,-0.21280823647975922,0.11866731774061919,0.4187886580824852,0.03780156057327986,-0.18357056751847267,-0.015550994081422687,-0.2217066131532192,0.018313898984342814,-0.06130006210296415,0.027912250137887895,-0.05328188613057137,-0.039283308759331705,-0.09016854353249074,0.038151867035776374,0.1305028386414051,-0.0921865620650351,-0.02368336624931544,0.20941673070192338,-0.0006520726252347231,0.053318955050781366,0.03300328948535025,0.022547086281701923,-0.03866697009652853,-0.03104597043711692,-0.12693367823958396,-0.07491099312901497,0.10481687430292368,-0.09377836920320988,0.019154580566100775,0.09251823537051677,-0.17871246337890626,0.16726227402687072,0.015759983251336963,-0.004594183852896094,0.07592033063992858,-0.0031628434779122474,-0.012260833173058927,-0.07784647913649678,0.16061410829424858,-0.1663430452346802,0.22684795036911964,0.16395455598831177,-0.013889531756285578,0.15269179567694663,0.015078389667905867,0.12379722595214844,-0.041849420638754964,-0.023756323102861642,-0.1294334487989545,-0.04717722540954128,0.06570385722443461,0.03219630103558302,-0.014762105140835046,0.06533323917537928
0.0004873810161370784,0.1117116454988718,-0.02107350528240204,-0.06816300540231168,-0.05771239977329969,0.027105424203909934,-0.01876981034874916,-0.1335754409432411,0.16657868772745132,-0.13756886161863804,0.18745226897299289,-0.030670361779630183,-0.27412701547145846,-0.06831013256451116,-0.022885678615421057,0.0649160816334188,-0.11588639803230763,-0.05592323523014784,-0.15735601224005222,-0.09953607264906168,0.00014105356531217693,0.06320585459470748,0.048771081119775773,0.017249429912772028,-0.07889484167098999,-0.2765223361551762,-0.0928598128259182,-0.12211092486977577,0.04853435731492937,-0.1447549868375063,-0.028486374719068407,0.08025413326686248,-0.12390023246407508,-0.07084429282695055,-0.0058417175197973846,0.0224546130746603,-0.13787132278084754,-0.08457374703139067,0.2346193864941597,0.043715914245694876,-0.052712334366515276,0.03257608711719513,0.02273019910790026,0.2724655717611313,0.17736051604151726,-0.05249396134167909,0.043596969824284314,-0.11956559531390668,0.19415974691510202,-0.2520246855914593,0.07141635352745652,0.1469521589577198,0.18441771455109118,0.1310928963124752,0.14756156615912913,-0.1504876133054495,0.03232507305219769,0.15115704759955406,-0.18667648658156394,0.12459998279809952,0.058677684515714645,-0.055200531333684924,-0.09056193102151155,-0.03735424946062267,0.17481712251901627,0.11020058542490005,-0.09533053990453481,-0.13328380994498729,0.1843488819897175,-0.11061432510614395,-0.04218525567557663,0.09668827597051859,-0.12176213189959526,-0.18942868784070016,-0.17656561285257338,0.07606315612792969,0.30233160108327867,0.20451256707310678,-0.15103327631950378,-0.0024275737814605236,-0.12287285327911376,-0.06737056686542928,0.014820330118527635,0.030345025670249014,-0.09048329796642066,-0.08201738223433494,-0.0315790805965662,0.07976967822760343,0.1394535344094038,-0.0530134757515043,-0.05540200490504503,0.2496629536151886,0.04343645139597356,0.023204020364210008,0.012084835185669362,-0.03253395785577595,-0.1400695201009512,-0.014369012648239731,-0.13303551264107227,8.687651716172695e-05,0.04874565321952105,-0.1535437572747469,-0.007335682027041912,0.07028798884712159,-0.15740710198879243,0.20498365238308908,-0.006109819596167654,-0.032501940010115506,0.018860217253677546,-0.0744930631481111,-0.1082185722887516,0.04522437853738666,0.18362220712006092,-0.2997053265571594,0.20346440449357034,0.11475930698215961,0.08081815904006362,0.13296032287180423,0.037308583548292515,0.053890408109873535,0.040799474064260724,-0.05489342650398612,-0.1777514759451151,-0.09239391842857003,0.07224731659516692,0.03915124551858753,-0.05468755308538675,0.0067616459331475195
-0.05725251547992229,0.051036464795470235,0.086131551861763,-0.009881003084592522,-0.05880334535613656,-0.013721094583161175,-0.050480022374540565,-0.1336268585175276,0.06104748006910086,-0.09666762333363295,0.23900960087776185,-0.08234020620584488,-0.19089343622326851,-0.09049398973584175,-0.03419095072895288,0.1809725694358349,-0.19151319786906243,-0.07794777248054743,-0.07307751141488553,-0.041975033562630416,0.04472459593089297,0.036517424043267965,0.03578544077463448,-0.03540010880678892,-0.04269919451326132,-0.3376417949795723,-0.09634590800851583,-0.08451441768556833,0.10976852066814899,-0.053444265993312,-0.08389064259827136,0.05523361600935459,-0.13710790760815145,-0.06852235682308674,0.05711310291662812,0.10274176262319087,-0.018168548902031033,-0.08011731244623661,0.20286785364151,-0.01270103792194277,-0.17051938995718957,0.04006035998463631,0.06571141704916954,0.23208280950784682,0.24282738119363784,0.018489044398302214,0.027882659481838344,-0.14180711954832076,0.11724662482738495,-0.1634007588028908,0.010317602613940834,0.15118262283504008,0.07539470000192523,0.11542740166187286,-0.0006328806513920427,-0.09213081263005733,0.05832833666354418,0.07780209239572286,-0.10539750419557095,0.00402921597706154,0.14346474520862101,-0.07769954800605774,0.010244958591647447,-0.02389424411812797,0.16377166509628296,0.009163959044963121,-0.09008881151676178,-0.1964766189455986,0.06910228645429015,-0.15946647077798842,-0.0999637920409441,0.016262029064819217,-0.17948812171816825,-0.10861524399369955,-0.3193027228116989,-0.0061872649472206834,0.3790943488478661,0.09727015048265457,-0.1659419760107994,0.056461446732282636,-0.04586465964093804,-0.04438407516572625,0.16698256954550744,0.1546486157923937,-0.011395816784352064,-0.0004496674984693527,-0.07188843060284852,0.018053602147847413,0.1991688519716263,-0.07938997857272626,-0.011249808798311278,0.1776783846318722,-0.020038812421262264,0.08911929801106452,0.037566555617377165,0.055527451634407046,-0.058008999284356835,0.04186250362545252,-0.11072931885719299,-0.018107873597182335,0.04824362983927131,-0.05519914189353585,0.04971650103107095,0.13781360909342766,-0.16199803873896598,0.15740129351615906,-0.04951552576385439,0.0726343288552016,0.07550259027630091,-0.06145971342921257,-0.05513109425082803,-0.01220613558543846,0.16133022978901862,-0.1756132110953331,0.15452766679227353,0.22852730974555016,0.034904111595824364,0.06166039016097784,0.14029297642409802,0.10708434320986271,-0.02771740066818893,0.03142571812495589,-0.2330774836242199,-0.017827306255639996,0.017479759478010237,0.012677749223075806,0.033840619353577496,0.006083872495219111
-0.09017175510525703,0.1045605968683958,0.025320916157215833,-0.04723991057835519,-0.07957335375249386,0.07679338904563338,-0.014934413321316242,-0.06785027412697672,0.18422605395317077,-0.09010324738919735,0.2358975388109684,0.14366874620318412,-0.23573013842105867,-0.05678017698228359,0.03687969399616122,0.0756485028192401,-0.2053206630051136,-0.1474836900830269,-0.21738047972321511,-0.15172687992453576,-0.03305664237122983,0.06484757484868169,0.024108283687382936,-0.07687423387542366,-0.21033325605094433,-0.2309524081647396,-0.03728597457520664,-0.1039288341999054,0.11048396043479443,-0.13591254614293574,0.13438851796090603,0.005808278705808334,-0.23201914206147195,-0.010712168645113707,0.013142366334795952,0.035978468414396045,-0.1052826477214694,-0.05862807463854551,0.25114339143037795,-0.007905789325013757,-0.1573100246489048,0.03780034678056836,0.03224957571364939,0.1960942879319191,0.20166338309645654,-0.026818356139119714,0.029792770091444255,-0.09916697647422552,0.10587438363581896,-0.29285387992858886,0.04087076699361205,0.1996339164674282,0.09712814707309007,0.10349410455673932,0.14685865305364132,-0.15426830910146236,0.013710438506677747,0.1428877405822277,-0.11397265568375588,0.08105143830180168,0.03318671551533044,-0.08444876167923213,-0.04315933249890804,-0.029622245964128525,0.10124854594469071,0.016301262634806336,-0.0975298412144184,-0.174946778267622,0.15397920683026314,-0.13453934155404568,-0.0779311197809875,0.20003650933504105,-0.03797299808356911,-0.20682472139596939,-0.267891813069582,0.045866961544379595,0.3974711745977402,0.14696334898471833,-0.17839642763137817,0.011596729699522256,-0.07816645037382841,-0.09386129099875688,0.02394874127348885,0.05366993293282576,-0.07162621906027197,-0.11286424659192562,-0.0770290957763791,0.051951320841908455,0.2503413923084736,0.008860367676243186,-0.020136893598828465,0.21029818505048753,0.05195096838288009,-0.03204356972128153,-0.00882426267489791,0.06386615112423896,-0.0996942188590765,-0.039749047229997815,-0.06780471070669591,-0.017105423985049127,0.04379929848946631,-0.0679796670563519,-0.03607940063811839,0.09079028517007828,-0.10460122190415859,0.1943055234849453,-0.019625738996546717,-0.053802110534161326,-0.018687225854955615,-0.023998394981026648,-0.04913616860285401,0.011212261795299128,0.1816831760108471,-0.3074901714920998,0.2486264653503895,0.21613459587097167,-0.07212079465389251,0.11644590348005295,0.08133738776668906,0.08601915314793587,-0.031149211572483182,0.018653088435530662,-0.17937655374407768,-0.15904166735708714,-0.053546101599931714,-0.04814251353964209,-0.007033624034374952,-0.0020952117163687946
-0.13737756349146366,0.08015895895659923,0.11651726141571998,-0.06953161582350731,-0.06698463424108922,-0.03412149001378566,-0.008475086605176329,-0.16468022167682647,0.17230921387672424,-0.14075884632766247,0.1906112775206566,0.005355808627791702,-0.24934217482805252,-0.012435671978164465,-0.02133015829604119,0.17299735844135283,-0.19065033420920371,-0.13957410417497157,-0.050399789959192275,-0.038833386497572064,0.051462900592014194,0.0023496119247283787,0.023270312312524764,0.07503559235483408,-0.15817394927144052,-0.3162915110588074,-0.12340376488864421,-0.11556821689009666,-0.04221194451674819,-0.03294339168351144,0.04947773013263941,0.05054614010732621,-0.200138171762228,0.060592264495790006,-0.04503447520546615,0.03290911763906479,-0.02340392299229279,-0.06748895458877087,0.14015863351523877,0.013649913528934122,-0.22856833636760712,-0.04604542786255479,0.0023375154472887517,0.17185647711157798,0.23378897383809089,-0.06995725748129189,0.06725392933003604,-0.09507297854870558,-0.017819905979558827,-0.21557829305529594,-0.015000090794637799,0.10833614319562912,0.08082416150718927,0.055241878051310776,-0.006759323272854089,-0.2142193652689457,-0.016272543650120496,0.06622974555939436,-0.1757145456969738,-0.025637073535472156,0.03219308611005545,-0.06858053989708424,-0.09657498821616173,0.03766403999179602,0.24843082427978516,0.14216407760977745,-0.16644120141863822,-0.1628138728439808,0.21356562301516532,-0.1734532929956913,0.006342671602033079,0.10658145770430565,-0.1437058612704277,-0.1888877995312214,-0.22088275328278542,-0.018363498896360398,0.40218732208013536,0.08038623724132776,-0.2267385445535183,0.021588646806776524,-0.26455307751893997,0.064459662232548,0.010881248349323868,0.0512318390479777,-0.024820095067843793,0.020497747370973228,-0.09503688104450703,0.008041101926937699,0.15177687928080558,-0.03835486345924437,-0.03455534470267594,0.2533355988562107,0.03666550093330443,-0.062134142685681584,0.048486892390064894,0.02686226723017171,-0.05091344360262155,-0.04774205232970417,-0.12698602490127087,-0.11116773262619972,-0.031052986904978753,-0.03306569834239781,-0.039687571674585344,0.10126798078417779,-0.2239065669476986,0.21351486146450044,0.05188925140537322,-0.037249558698385955,0.008068651100620628,0.015348907222505658,-0.11739383339881897,-0.06152946911752224,0.1858110435307026,-0.28747541308403013,0.13270910494029522,0.17575462833046912,-0.016773526708129795,0.17783511132001878,0.045801721839234234,0.12395320236682891,-0.08213017024099827,-0.060775291686877606,-0.13919088952243328,0.0022028453415259717,0.07329417839646339,-0.03840586738660932,0.04652930828742683,-0.0045442489674314855
-0.07106598545797169,0.1981581173837185,0.10069157816469669,-0.023361115914303808,-0.0934537222608924,0.04820835324935615,-0.07551223221234978,-0.09762202184647321,0.1467645138502121,-0.10587679729796946,0.24434449821710585,-0.020503024710342287,-0.24690244495868682,-0.050651869631838056,-0.06446142047643662,0.08238683901727199,-0.09598315469920635,-0.09394188411533833,-0.105469068326056,-0.04554119207896292,0.03827704326249659,0.06177203468978405,0.021956889098510145,-0.0030630980618298054,-0.09400984551757574,-0.34858243465423583,-0.0659205213189125,-0.12666747830808162,0.11487532164901496,-0.13562179766595364,-0.03965253150090575,-0.032830951061623634,-0.11667744107544423,-0.0568783026188612,-0.01741054761223495,0.024607152119278906,-0.1067280100658536,-0.06506239138543606,0.20946596413850785,0.029150761710479856,-0.13949677757918835,0.05427530650049448,0.00816338644362986,0.2675736539065838,0.17063524946570396,0.016234707646071912,0.08182014003396035,-0.17315221317112445,0.11997837759554386,-0.242159254103899,0.11347413696348667,0.15108831450343133,0.18233793079853058,0.11077559553086758,0.17245887815952302,-0.2086685463786125,0.007240707240998745,0.10242894925177097,-0.19323453903198243,0.15424763709306716,0.05501866824924946,0.05107385441660881,-0.026206149067729712,-0.019421960227191448,0.17987959496676922,0.10622731149196625,-0.09605688042938709,-0.1406213752925396,0.15704321227967738,-0.14247504994273186,-0.009768026019446551,0.1653417397290468,-0.05954399928450584,-0.21106719449162484,-0.17180293351411818,0.07805856596678495,0.40291169136762617,0.22851236313581466,-0.22777370885014533,-0.04458773601800203,-0.10630409345030785,-0.0806744429282844,0.07572510363534093,0.03348291330039501,-0.11664514038711786,-0.05966342836618423,-0.07273960299789906,0.018628501892089845,0.153169035166502,-0.015892988257110118,-0.04197318307124078,0.2595448009669781,0.06397369764745235,0.025780393416061996,0.03337479538749903,0.03716875427635387,-0.17342492043972016,0.00735058756545186,-0.1100316397845745,-0.0769230466336012,0.04920869832858443,-0.11517155170440674,-0.005744070769287646,0.05437123365700245,-0.17176566049456596,0.1971939444541931,-0.008225855184718966,-0.020864590257406234,0.01632927283644676,-0.002646381105296314,-0.10209652595221996,0.026450641080737115,0.22304742857813836,-0.2797697626054287,0.20911761820316316,0.13584117889404296,0.052504674019292,0.14475769288837909,0.12656260207295417,0.05449621481820941,0.04840340642258525,-0.07823488432914019,-0.11210674382746219,-0.0829974489286542,0.012972513330169022,-0.05581332296133042,0.007686286931857467,0.008022590540349483
-0.1162757771089673,0.09456668999046088,0.14137072302401066,-0.11694047227501869,-0.10839950852096081,-0.005141560663469135,-0.020815084176138043,-0.09017754793167114,0.1317449003458023,-0.1169538863003254,0.21306757628917694,-0.05995740862563252,-0.28097374439239503,0.01325750898104161,0.0032299123238772156,0.2175115577876568,-0.14356247931718827,-0.1564604088664055,-0.1873229794204235,0.02530185244977474,-0.030566905369050802,0.08408140204846859,0.07210928732529283,-0.005127924843691289,-0.07102247858420015,-0.37910482436418536,-0.08525780439376832,-0.08133239764720201,-0.019765731738880278,-0.01704115206375718,0.05306872446089983,0.06445213109254837,-0.16965508311986924,-0.04521648436784744,0.08745662420988083,0.08107227878645062,-0.13155465871095656,-0.12164832353591919,0.268588051199913,0.016598003916442394,-0.23817435503005982,-0.005220077442936599,0.06884117256850004,0.1921027660369873,0.27132375314831736,0.024527429044246672,0.03826284622773528,-0.1199717115610838,0.15803566984832287,-0.31040170788764954,0.007270985748618841,0.12744638733565808,0.07867471519857645,0.1019265353679657,0.10545821487903595,-0.15162366889417173,0.05853664921596646,0.220609550178051,-0.2618534930050373,0.01461446633329615,0.02676866534166038,-0.1402016818523407,-0.01107090839650482,-0.07634212346747518,0.20445950254797934,0.06915562739595771,-0.16863634511828424,-0.1542567141354084,0.24011558517813683,-0.09882038291543722,-0.00189525387249887,0.12318779565393925,-0.14740281254053117,-0.16899030432105064,-0.2563713103532791,-0.02148376116529107,0.376535102725029,0.06259912014938891,-0.14319340512156487,-0.03765075204428285,-0.07617913261055946,-0.06245175870135426,-0.08423770293593406,0.1069220470264554,-0.005094054248183965,-0.16635105460882188,-0.05813628053292632,-0.0663162540178746,0.20841864496469498,-0.06353034200146794,0.021272660046815873,0.25817166566848754,-0.015179947903379797,-0.028689556242898106,-0.011576559045352042,0.07612610589712858,-0.15966215655207633,-0.030420633242465557,-0.133137296885252,-0.03530706078745425,-0.09429248170927167,-0.07701806873083114,-0.02998861306114122,0.1172013521194458,-0.1586659088730812,0.1717471793293953,-0.08211384303867816,-0.005365473357960582,-0.029933519870974125,-0.08769837636500596,-0.03342663722578436,-0.04005521475337446,0.16369105279445648,-0.2383204273879528,0.156571738794446,0.18396928459405898,-0.032975863106548785,0.12100799903273582,0.061845716740936044,0.08886321354657412,-0.01473661868367344,0.01795799257233739,-0.2470637083053589,-0.11002169959247113,0.05753267173422501,0.021980557520873845,-0.007294672727584839,0.04039338135626167
-0.0974562119692564,0.07600926160812378,0.0437261888757348,-0.07985472027212381,-0.11182811660692096,0.01849474008195102,-0.029128687689080834,-0.0067246424499899145,0.11931448262184859,-0.0471421503694728,0.18161313980817795,-0.004972203960642218,-0.29884502589702605,0.06258015800267458,-0.10328473635017872,0.09368609189987183,-0.1813534304499626,-0.08897449895739555,-0.09759092722088099,-0.1348050892353058,0.04361805320950225,0.0957100790925324,-0.04927735694218427,0.02898847262840718,-0.12238478511571885,-0.2451605573296547,-0.04147803774103522,-0.11408842504024505,-0.004148385860025883,-0.18713064566254617,0.06270395554602146,0.018763051505811746,-0.1478860192000866,-0.04158258009701967,-0.0178014820208773,-0.026911213388666512,-0.06033474672585726,-0.08929464221000671,0.169577856361866,0.04187306268140674,-0.08080442752689124,0.07722859177738428,0.055015378864482045,0.35049243122339246,0.15763500928878785,0.04171455434989184,0.007527955248951912,-0.056708978349342944,0.10552937537431717,-0.32385248094797137,0.04192562820389867,0.131306903809309,0.09903390053659678,0.08379982206970453,0.06591588156297803,-0.18825311884284018,0.014292570110410453,0.1406466845422983,-0.15946960262954235,0.1829308643937111,0.04480887954123318,-0.07595230182632803,0.023892834642902018,-0.059327425551600754,0.20002282336354255,0.01237662064959295,-0.13159525506198405,-0.08231311505660414,0.12775500994175673,-0.11779937185347081,-0.09897847827523946,0.02584040826186538,-0.08995968960225582,-0.19242006167769432,-0.2421171598136425,0.11067785136401653,0.3367077842354774,0.1633076213300228,-0.17301612719893456,0.03925130637362599,-0.09490682631731033,-0.011557153658941388,0.013147970766294748,0.040425466245505956,-0.08115454483777285,-0.09340508934110403,-0.09495682418346404,0.03947547753341496,0.21835017427802086,-0.011337270215153693,-0.05621179444715381,0.23662955686450005,0.029032610496506094,-0.053586965426802635,0.0297408506507054,0.05766273292247206,-0.16677371114492417,-0.025659886794164775,-0.10683576576411724,0.005378350429236889,0.028008421137928962,-0.13466893546283246,-0.03260836824774742,0.11694084666669369,-0.1778327152132988,0.18362627159804107,-0.031365487398579715,-0.06759855272248387,-0.05737379249185324,0.005149084399454296,-0.11320153772830963,0.03192294056061655,0.1927122987806797,-0.2564315676689148,0.22930171117186546,0.21679750084877014,0.12299173250794411,0.1634300399571657,0.06918328395113349,-0.0002560837659984827,0.010107570374384523,0.02436855873093009,-0.1461404539644718,-0.13012198805809022,0.047879811655730006,-0.004589673690497875,0.023745624627918006,0.0656280498020351
-0.19549942279563232,0.13659384364590926,0.07784532624132492,0.005380343467764118,-0.07112655635265742,-0.09568966727922945,0.05180931398097206,-0.12742091890643625,0.0927070668515037,-0.03465351226794369,0.29006315504803376,-0.03051981110783184,-0.17696093022823334,-0.1578393381308107,0.06969483635004829,0.09604622686610502,-0.18227045983076096,-0.10107648284996257,-0.076896528220352,-0.16654504747951732,-0.048202439813929444,0.0174895135603626,0.01754875123493976,0.07091210563393201,-0.06893723962061546,-0.2260850142030155,-0.07297822438618716,-0.15175634315785239,0.1350513245253002,-0.08716306791586034,-0.012153710402986583,0.011785325571990517,-0.22397355209378636,-0.10544489587054533,-0.03203843621646657,0.028676952838021165,0.03748187400838908,-0.0382422711700201,0.16602560001261094,0.00524067141882637,-0.07244187965989113,-0.04100357445285601,-0.012532279059729156,0.269881529843106,0.18679870752727284,-0.02487092952737037,-0.04384534696445746,0.03746650011881309,0.08199573987547089,-0.17429477239356322,0.016998192624134177,0.119714675580754,0.1783201251836384,0.00307201175019145,-0.056467369910986984,-0.13261199830209508,-0.06437096547554522,0.02588115670882604,-0.16249575159128973,0.03898142858901445,0.08816379067652366,-0.14317037910223007,-0.13379333518883763,-0.06129167843883967,0.21621747227276072,0.11705006834338694,-0.06378079293405309,-0.14717533965321147,0.21050447576186238,-0.11294279751532219,-0.034549684373333174,0.07422753401538905,-0.1276018426698797,-0.07692129581290133,-0.2076602166189867,0.13141781266997843,0.2948083377936307,0.09481476707493558,-0.15803602600798888,-0.029249168768086854,-0.2180106017519446,0.04893180377343122,-0.06102829974363832,-0.004268902785363881,-0.06057198192266857,-0.012612909736002193,-0.11337332515155568,0.028864211457617143,0.11017542288583868,-0.042194620541789955,-0.029932053910349223,0.21980289063032935,-0.016107505899580085,0.0176852257538806,0.021606579505126264,-0.05960153788328171,-0.025855358087402934,-0.034252394949469495,-0.06499114205293796,-0.02022057500503519,0.08504607966717552,-0.1255751098780071,0.03949564732337261,0.10065163584316478,-0.18416397448848276,0.09383181879735168,0.017587968435905436,0.020181273301953778,0.029427375288351494,0.014571527923073839,-0.06820113255697138,-0.06853373173405142,0.1646361469345934,-0.19286607907098882,0.23856941566747777,0.17630556313430562,0.007341582163730089,0.12253103317583308,0.030937160009189564,0.09331864250056884,-0.03966704892980702,-0.028933910159941983,-0.08467370403163574,-0.07842267786755282,0.05299496979397886,-0.04855238838011727,0.003479429246748195,0.05039387525004499
-0.13509678188711405,0.11394031997770071,0.1533937151543796,0.0577928745187819,-0.020508748100837693,-0.08149153739213943,0.015114810026716441,-0.07117776433005929,0.06127712980378419,-0.0038445264799520373,0.2914738692343235,-0.0013498989574145526,-0.1931681865826249,-0.12557959416881204,0.07641363400034606,0.10333353420719504,-0.15794445713981986,-0.13400609511882067,-0.0751174921169877,-0.10580939659848809,0.008043367895879783,0.04812639992451295,-0.004184135781542864,0.025869429169688374,-0.13710826030001044,-0.26313810143619776,-0.059315090300515294,-0.11502054566517472,0.09457769384607673,-0.10901971091516316,-0.0185853834846057,0.040220891940407455,-0.2571059074252844,-0.06295644049532712,-0.04484739439794794,0.041499530896544456,0.052811100613325834,-0.04256137786433101,0.12651536241173744,0.03162928024539724,-0.15026957262307405,-0.009371518215630203,-0.023174810281489044,0.26608025189489126,0.20071080140769482,-0.02948156531783752,0.00018049956997856498,0.039067794976290315,-0.009524140987196006,-0.1982196569442749,0.055853585712611675,0.12195772491395473,0.18703168164938688,0.04654017533175647,-0.07229180657304823,-0.13728564139455557,-0.0769031394738704,0.042239901376888156,-0.15626477170735598,0.0656340669374913,0.060603957739658654,-0.13772920751944184,-0.07020412106066942,-0.04447948370943777,0.19045924674719572,0.07856098539195955,-0.06386191002093256,-0.12943709082901478,0.18100910540670156,-0.1188098224811256,-0.0852251632604748,0.08572180010378361,-0.1251888321712613,-0.10129204345867038,-0.2998129855841398,0.1033754195086658,0.3232329282909632,0.06313006381969899,-0.23090794309973717,0.018654485698789358,-0.1869323067367077,0.04504686751170084,-0.04387308553850744,0.03155234462610679,-0.03535200108308345,0.04883061023429036,-0.11991214752197266,0.05183267081156373,0.18222001288086176,-0.00717954125138931,-0.05967773520387709,0.20733132679015398,-0.01673966011730954,-0.011900422832695767,0.055000797379761934,-0.02205214320565574,0.04423672938719392,-0.06716266553848982,-0.08122077095322311,-0.057895829901099205,0.03686182966339402,-0.09926229948177934,-0.02724761735589709,0.1260909982956946,-0.19367203768342733,0.1328360929619521,0.05341088492423296,0.008530443970812485,0.05049291893374175,0.051820198830682784,-0.06004677410237491,-0.07832862343639135,0.16306302277371287,-0.22409876994788647,0.21180819533765316,0.20784625131636858,0.01803520045359619,0.11239440506324172,0.01738919096533209,0.10934157483279705,-0.060378600377589464,-0.037551980931311846,-0.12295968597754836,-0.07159513724036515,0.06400565558578819,-0.030273567332187667,0.040901467262301594,0.0801483450923115
-0.08927143146010007,0.0499181617051363,0.05697256030843539,0.000593153978971874,-0.052215936319792974,-0.08371140777736026,-0.04703576221842976,-0.15700149579959757,0.1157676323371775,-0.07063734136960086,0.2366263910251505,-0.05857817428734373,-0.21272410715327544,-0.1394012351246441,-0.026830453014768222,0.19597889482975006,-0.17270719303804286,-0.14937540538170757,-0.04960638262769755,-0.008662712048081792,0.06549047547228196,0.0007194962612736751,0.06486700803917997,0.020727816845892984,-0.051962449817973023,-0.3551807999610901,-0.10560264876660179,-0.08624206505277578,0.06492520518162671,-0.05316503142581924,-0.08990669140920919,0.05770809641655754,-0.1560067183831159,-0.06828418450758737,0.07229500548804507,0.1337614151484826,-0.012982225292088354,-0.06633031253209885,0.21950248935643366,0.009037304395700203,-0.20368865395293517,-0.0037895998753169004,0.05731584832948797,0.22519448925467098,0.1835116875522277,0.05133730310070164,0.04687899153898744,-0.1475763697834576,0.09702861966455684,-0.14993268514380736,0.04338547149125267,0.1575368568301201,0.1194655873319682,0.05666257605394896,0.026635276427602068,-0.10631126910448074,0.023938039208159727,0.09772449885221089,-0.14134065149461522,0.024927560034591484,0.12336201483712476,-0.10859825714107822,-0.037760778165915436,-0.05837500971906325,0.21618580379906824,0.05569262101369746,-0.1161173923927195,-0.14477228417116053,0.1087430518339662,-0.14712218633469412,-0.11796126689981012,0.02006708091015325,-0.1455226067234488,-0.13473971626337836,-0.33579931802609386,-0.02059879044399542,0.39369814536150766,0.05709438316304894,-0.18689657177995234,0.05217755640692571,-0.043358211131656874,-0.02393356288838036,0.11778434453641667,0.14991829368998022,-0.054166054024415856,0.037990459843593484,-0.1192016452550888,-0.022153987768380082,0.20495579347890966,-0.06600057465188644,0.0015984991537954878,0.16075200718991897,-0.02651236776043387,0.1134585302651805,0.02958106542663539,0.031022807117551565,-0.03218657320694012,0.017064548590603995,-0.11172726509325645,-0.031501886489636755,0.03302218940328149,-0.05933623536325553,0.021703710765851772,0.0789974846822374,-0.14360924985478907,0.05204573383226114,-0.0002293357050375027,0.022133642971953926,0.045448624912430256,-0.013935425168122439,-0.1021459707442452,-0.08865482644999728,0.11174228392979678,-0.22115387899034164,0.19502325618968291,0.2140179627081927,0.03925177416599849,0.08502220296684433,0.11470045061672435,0.12195292969836909,-0.023693112601690432,-0.012287777136353886,-0.1714223614510368,-0.02920782844440135,0.06548469661570647,0.028892294421572897,0.06279654373579166,0.014111570219564088
-0.021641876571811734,0.12663648054003715,0.08164288997650146,-0.03652369825867936,-0.03796424238826148,-0.022255123825743794,-0.006176881911233068,-0.048323579039424656,0.17003104649484158,-0.04377016401849687,0.25455242693424224,0.0740237245336175,-0.20331382527947425,-0.07931835856288671,-0.022484896960668264,0.06521619651466608,-0.08665583655238152,-0.10328811127692461,-0.08594323489814996,-0.06884585828520358,0.015823360299691558,0.05865437900647521,0.04118051656987518,0.026681721862405538,-0.1178233303129673,-0.30951275378465654,-0.05615802519023418,-0.052319611236453054,0.06948454435914755,-0.11503676176071168,0.04063103380613029,0.06642973497509956,-0.17845881804823877,-0.041942532360553744,0.04719269992783666,0.06667782291769982,-0.11813286356627942,-0.06786003857851028,0.2216554455459118,0.07464362103492021,-0.13259622342884542,0.0510745286475867,-0.022978564910590648,0.2938178271055222,0.15099450908601283,-0.0098766696639359,0.06693215961568058,-0.13056655339896678,0.13313916884362698,-0.20784815549850463,0.07938899863511324,0.18254585936665535,0.07197489775717258,0.11853440813720226,0.09771393351256848,-0.17515820488333703,0.01951584555208683,0.13359841480851173,-0.20506423637270926,0.06253967797383667,0.0026350346859544517,-0.04588785693049431,-0.04877867470495403,-0.08741662879474461,0.11324706822633743,0.08449183832854032,-0.12349011115729809,-0.17899001836776735,0.09442659076303243,-0.1435894075781107,-0.0397554186405614,0.18025267347693444,-0.08085155920125545,-0.1656039509922266,-0.23366436287760733,0.08439611196517945,0.3236142560839653,0.16358560919761658,-0.1525119837373495,-0.021397255081683397,-0.08929968569427729,-0.03331695338711142,0.017148276185616852,0.04456829323899001,-0.09874414764344693,-0.0065256289672106504,-0.06907109664753079,0.0260030004195869,0.13689246252179146,0.046698937518522145,-0.09943085368722678,0.20522316172719002,-0.00448439889587462,0.05195215947460383,0.010249927709810435,0.05778029980137944,-0.14717859365046024,0.02404526462778449,-0.11478892415761947,-0.04665757501497865,0.019990386534482242,-0.09011222310364246,-0.00495050991885364,0.07486183843575418,-0.18284980654716493,0.2071918986737728,-0.00617945499252528,0.0029881231021136045,0.006377041270025074,-0.0020615524030290545,-0.10955304652452469,0.028126259276177734,0.12990757562220095,-0.328824420273304,0.2709185920655727,0.15038803406059742,0.06450777517165988,0.1354629047214985,0.10093395039439201,0.016214752476662396,-0.036943066492676736,-0.08762917825952173,-0.10788657292723655,-0.07704620519652963,0.0031885736854746936,0.002423708257265389,0.05086124911904335,-0.03368305799085647
-0.08275042176246643,0.13149033561348916,0.05313106204848737,-0.09189934395253659,-0.10512774344533682,-0.00867104628123343,-0.08017821386456489,-0.12885656282305719,0.18505950160324575,-0.11874824315309525,0.13565664142370223,-0.058454324502963576,-0.20129000023007393,-0.03400129219517112,0.0048628667369484905,0.22695027366280557,-0.11722210049629211,-0.20416271165013314,-0.09977962672710419,-0.014762610965408384,0.03429995019105263,0.04550976103637368,0.016815527458675206,0.07374174650758505,-0.06874804054386914,-0.34667074084281924,-0.025790237821638584,-0.03229931034147739,-0.04060684451833367,-0.08214625387918204,0.058551140059717,0.11070220582187176,-0.13678093068301678,0.043052440229803327,0.03637536857277155,0.07095849830657244,-0.05369144817814231,-0.13457759991288185,0.18984203822910786,0.019037753343582153,-0.2944564439356327,-0.03024699492380023,0.062288326770067216,0.24790973216295242,0.2984266236424446,-0.021893460862338544,0.0007968922145664692,-0.11786156091839076,0.16277665607631206,-0.3139125555753708,0.00829748115502298,0.13863037414848806,-0.02957846554927528,0.06858254675753414,0.08985468801110982,-0.19387592524290084,0.0329290637280792,0.07794065261259675,-0.26382327601313593,-0.03308119064895436,0.021795319626107812,-0.08206659369170666,-0.045808434044010936,-0.13518968895077704,0.1968491978943348,0.17076875530183316,-0.11396181210875511,-0.2187501832842827,0.12770107500255107,-0.1857645358890295,-0.047573620826005934,0.10946886595338583,-0.1493518479168415,-0.20035329461097717,-0.2904323719441891,-0.04389829803258181,0.2937048375606537,0.14337817393243313,-0.12659982908517123,0.05460163173265755,0.0012545280158519744,-0.007561034057289362,0.000607063586357981,0.10641679540276527,-0.0032463662791997194,-0.048353928094729784,-0.04427245336119086,-0.0189874492585659,0.20651214569807053,-0.045168656622990966,-0.04829532979056239,0.285344935208559,-0.04454006962478161,-0.06850929139181972,-0.028569202567450703,0.08304468041751534,-0.09367164205759763,0.04690581422764808,-0.16759037226438522,-0.08442460838705301,0.0012022359063848854,-0.012679581460542978,0.04423724445514381,0.10670381411910057,-0.21952453777194023,0.1823929987847805,-0.04409104716032743,0.06247506442014128,-0.01720646978355944,-0.050439220055704934,-0.09713863003998995,0.0017637981567531825,0.16331545561552047,-0.21095309928059577,0.18700131252408028,0.14352372884750367,0.08711129333823919,0.12853517532348632,0.07470237640663982,0.07356888074427843,-1.8678419291973113e-05,-0.04042784003540874,-0.14567287229001522,-0.01043392671708716,0.04700254111085087,0.02573784301057458,0.002441363595426083,0.07384121101349592
